<zimlet name="ca_uoguelph_ccs_sidebar" version="1.7"
    label="${msg.label}"
    description="${msg.description}">
    <include>sidebar.js</include>
    <includeCSS>sidebar.css</includeCSS>
    <handlerObject>ca_uoguelph_ccs_sidebarHandlerObject</handlerObject>
    <userProperties>
        <property name="show_today" type="boolean" visible="false" />
        <property name="show_tomorrow" type="boolean" visible="false" />
        <property name="show_week" type="boolean" visible="false" />
        <property name="show_task" type="boolean" visible="false" />
        <property name="show_news" type="boolean" visible="false" />
    </userProperties>
</zimlet>
