<zimletConfig name="ca_uoguelph_ccs_sidebar" version="1.7">
  <global>
    <property name="enable_help">true</property>
    <property name="helpurl">http://www.uoguelph.ca/ccs/gryph-mail/extensions/news-events-sidebar</property>
    <property name="enable_today">true</property>
    <property name="enable_tomorrow">true</property>
    <property name="enable_week">true</property>
    <property name="enable_tasks">true</property>
    <property name="enable_news">true</property>
  </global>
</zimletConfig>
