<zimlet name="it_wordpower_undosend" version="1.6"
	label="${msg.label}"
    description="${msg.description}">	
	<include>it_wordpower_undosend.js</include>
	<handlerObject>it_wordpower_undosend_HandlerObject</handlerObject>
	<zimletPanelItem label="${msg.label}" icon="OutOfOffice">
		<toolTipText>${msg.lbl_setup}</toolTipText>
		
	</zimletPanelItem>
	<userProperties>
		<property type="string" name="seconds" />
		<property type="string" name="enabled" />
	</userProperties>
</zimlet>