<zimlet name="it_wordpower_emaildownloader" version="1.2" 
	label="${msg.label}"
    description="${msg.description}">	
	<include>it_wordpower_emaildownloader.js</include>
	<includeCSS>emaildownloader.css</includeCSS>
	<resource>emaildownloader-icon.gif</resource>
	<handlerObject>it_wordpower_emaildownloader_HandlerObject</handlerObject>
	<zimletPanelItem label="${msg.EmailDownloaderZimlet_panel_label}" icon="emaildownloader-panelIcon">
		<toolTipText>${msg.EmailDownloader_panel_tooltip}</toolTipText>
		<dragSource type="ZmConv" />
	    <dragSource type="ZmMailMsg"/>
		<dragSource type="ZmContact" />
		<dragSource type="ZmAppt" />
	</zimletPanelItem>
	<userProperties>
		<property type="string" name="delete_after_export" value="" />
	</userProperties>
</zimlet>


